{"modelling":{"id":"e887dbbc72585a63e2eb4ccf7da953ad7b5fda3d","trg_seq":"LKEVRDAVLMVREHPEMKDKILEPPIMTVSAINAQFAAYLAQCVDYNTSKALTVVDSDSYKLFANPILDKFKVNLRELSSADTTPPVPAETVRDLGFEGYLSDFITGDKRVMKMLCQTSKIHTIPVSRRELTPAQIKKLITPRPNGKILFKRIIHGNRLVDIKQSAYGSKQVFPTDVS","tpl_seq":"--------------DIYKTEIFGPVLSVVRARNYEEALSLPMKHEYGNGVAIYTRDGDAARDFASRI---------------------------------------------------------------------------------------------------------------","pdb_id":"4e4g","chain":"A","method":"X-RAY DIFFRACTION","short_method":"X-ray","coverage":0.2977527976,"resolution":2.9000000954,"description":"Methylmalonate-semialdehyde dehydrogenase","seq_sim":0.3295603395,"assembly_id":2,"score":0.4540016651,"pred_lddt":0.1350000054,"seq_id":28.3018875122,"found_by":"HHblits","oligo_state":"monomer","comment":"e_value=27, p_value=0.0023, score=28.3, ss_score=5.6, prob=32.6","offset":400,"starttime":"02-06-20 (07:39:28)","QMean":{"global_scores":{"qmean4_norm_score":0.4007437578,"qmean4_z_score":-4.1735000902,"qmean6_norm_score":0.3869279925,"qmean6_z_score":-3.9294650974,"interaction_norm_score":-0.0223017489,"interaction_z_score":-0.8073890144,"cbeta_norm_score":-0.0017866093,"cbeta_z_score":-1.6554642445,"packing_norm_score":0.2010433498,"packing_z_score":-3.8897800532,"torsion_norm_score":0.3356655821,"torsion_z_score":-2.785424777,"ss_agreement_norm_score":0.1511673154,"ss_agreement_z_score":-1.5271379357,"acc_agreement_norm_score":0.4716981132,"acc_agreement_z_score":-2.5704004902,"avg_local_score":0.4116037589,"avg_local_score_error":0.111},"local_scores":{"A":[null,null,null,null,null,null,null,null,null,null,null,null,null,null,0.3919404202,0.3703644962,0.3884493878,0.4649928475,0.486966329,0.4708563338,0.3784049528,0.4829860784,0.3678766137,0.3467325033,0.318045324,0.2943752908,0.2994097678,0.3094605597,0.3403513173,0.3302367509,0.4341658208,0.3126868867,0.4328022889,0.5003151036,0.4624930517,0.3842681052,0.4547789751,0.5067905265,0.3934876525,0.4128302731,0.4569027894,0.4329275119,0.443298051,0.4255628938,0.383240478,0.3973874155,0.4303969797,0.4350213209,0.4218563435,0.4206104361,0.4255901317,0.3562691387,0.3740419605,0.3278414739,0.2876748305,0.4502114159,0.4275073025,0.5598992066,0.4819238204,0.401666479,0.5491017049,0.4628000996,0.398730757,0.4616635722,0.4079661144,0.4034645024,0.4553748347,null,null,null,null,null,null,null,null,null,null,null,null,null,null,null,null,null,null,null,null,null,null,null,null,null,null,null,null,null,null,null,null,null,null,null,null,null,null,null,null,null,null,null,null,null,null,null,null,null,null,null,null,null,null,null,null,null,null,null,null,null,null,null,null,null,null,null,null,null,null,null,null,null,null,null,null,null,null,null,null,null,null,null,null,null,null,null,null,null,null,null,null,null,null,null,null,null,null,null,null,null,null,null,null,null,null,null,null,null,null,null]}},"title":"Modelling","endtime":"02-06-20 (07:39:32)","mod_engine":["ProMod3"],"ProMod3":{"version":"3.0.0"},"ProMod":null,"MODELLER":null,"SPDBV":null}}