{"modelling":{"id":"c712f44ec7e33153222f7159b3c0756293b70acc","trg_seq":"LKEVRDAVLMVREHPEMKDKILEPPIMTVSAINAQFAAYLAQCVDYNTSKALTVVDSDSYKLFANPILDKF-KVNLRELSSADTTP-PVPAETVRDLGF-----------EGYLSDFITG-DKRVMKMLCQTSKIHTIPVSRRELTPAQIKKLITPRPNGKILFKRIIHGNRLVDIKQSAYGSKQVFPTDVS","tpl_seq":"-----------------RGPVIGPMVIAAVVVDENSLPKLEE-LKVRDSKKLT---PKRREKLFNEILGVLDDYVILELPPDVIGSREGTLNEFEVENFAKALNSLKVKPDVIYADAADVDEERFARELGER------------------------------------------------------------","pdb_id":"1x1p","chain":"A","method":"X-RAY DIFFRACTION","short_method":"X-ray","coverage":0.5449438095,"resolution":2.7999999523,"description":"Ribonuclease HII","seq_sim":0.2762908638,"assembly_id":1,"score":0.7761415839,"pred_lddt":0.25,"seq_id":15.4639177322,"found_by":"HHblits","oligo_state":"monomer","comment":"e_value=15, p_value=0.0012, score=27, ss_score=5.4, prob=45.3","offset":10,"starttime":"02-06-20 (07:39:34)","QMean":{"global_scores":{"qmean4_norm_score":0.4836900848,"qmean4_z_score":-5.8697090476,"qmean6_norm_score":0.4484699761,"qmean6_z_score":-5.9452932497,"interaction_norm_score":-0.0064590209,"interaction_z_score":-2.2714460023,"cbeta_norm_score":0.0025684547,"cbeta_z_score":-2.4628796457,"packing_norm_score":-0.2053137455,"packing_z_score":-1.777826638,"torsion_norm_score":0.3222461539,"torsion_z_score":-4.7850810126,"ss_agreement_norm_score":0.2322683224,"ss_agreement_z_score":-2.3044406435,"acc_agreement_norm_score":0.5148514851,"acc_agreement_z_score":-1.7621954214,"avg_local_score":0.4081147714,"avg_local_score_error":0.08},"local_scores":{"A":[null,null,null,null,null,null,null,null,null,null,null,null,null,null,null,null,null,0.4383179637,0.441286951,0.3928992789,0.3131706531,0.2811065286,0.2583273008,0.3909172158,0.4594637272,0.4492249467,0.509272307,0.5444586892,0.5195983735,0.5178200146,0.4594575876,0.472236359,0.4121961765,0.3784915617,0.313481159,0.3404375069,0.4356211504,0.428972104,0.4393442918,0.4128956091,0.4579580071,0.4095841722,0.410556115,0.5036203617,0.5072964104,0.4603321549,0.3833248891,0.3743440793,0.3307505132,0.2165670897,0.1820736308,0.1603093733,0.1811769496,0.1630182883,0.158912651,0.2538076025,0.3980658251,0.4514669667,0.4614083349,0.4192476074,0.5399681676,0.5324387216,0.4417326606,0.6076712991,0.5624992781,0.5457592071,0.4892062424,0.5616147417,0.5356723289,0.5088626579,0.4703481704,0.4175857548,0.4799581886,0.3993157189,0.4128644223,0.3865952208,0.4256434383,0.4407971454,0.4751831561,0.3966416542,0.3933005648,0.3262786792,0.3365188954,0.3995666531,0.3866339843,0.4112677969,0.353956501,0.3600523814,0.42638339,0.4582710526,0.431832017,0.4725173454,0.4477147426,0.498251212,0.4859099033,0.5115989381,0.4346263983,0.2594726302,0.3121971261,0.2839004672,0.2782861183,0.4531096839,0.4111691028,0.358717512,0.4163898746,0.3469178179,0.4281445789,0.4200635442,0.4021049791,0.3898471139,0.4684816389,0.4028136327,0.3870372158,0.4060063632,0.4157744795,0.3980541928,0.3497331153,0.3735136156,null,null,null,null,null,null,null,null,null,null,null,null,null,null,null,null,null,null,null,null,null,null,null,null,null,null,null,null,null,null,null,null,null,null,null,null,null,null,null,null,null,null,null,null,null,null,null,null,null,null,null,null,null,null,null,null,null,null,null,null]}},"title":"Modelling","endtime":"02-06-20 (07:39:40)","mod_engine":["ProMod3"],"ProMod3":{"version":"3.0.0"},"ProMod":null,"MODELLER":null,"SPDBV":null}}