{"modelling":{"id":"1a35511d3eaf665401cea7c7506971bccfa9935f","trg_seq":"LKEVRDAVLMVREHPEMKDKILEPPIMTVSAINAQFAAYLAQCVDYNTSKALTVVDSDSYKLFANPILDKF-KVNLRELSS---ADTTPPVPAETVRDLGF-----------EGYLSDFITG-DKRVMKMLCQTSKIHTIPVSRRELTPAQIKKLITPRPNGKILFKRIIHGNRLVDIKQSAYGSKQVFPTDVS","tpl_seq":"-----------------RGPVIGPMVIAAVVVDENSLPKLEE-LKVRDSKKLT---PKRREKLFNEILGVLDDYVILELPPDVIGSR--EGTLNEFEVENFAKALNSLKVKPDVIYADAADVDEERFARELGER------------------------------------------------------------","pdb_id":"1io2","chain":"A","method":"X-RAY DIFFRACTION","short_method":"X-ray","coverage":0.5337078571,"resolution":2.0,"description":"RIBONUCLEASE HII","seq_sim":0.2821085453,"assembly_id":1,"score":0.7658203244,"pred_lddt":0.2450000048,"seq_id":15.7894735336,"found_by":"HHblits","oligo_state":"monomer","comment":"e_value=16, p_value=0.0013, score=26.8, ss_score=6.1, prob=49.2","offset":10,"starttime":"02-06-20 (07:39:32)","QMean":{"global_scores":{"qmean4_norm_score":0.6122492813,"qmean4_z_score":-3.4225519831,"qmean6_norm_score":0.5812227785,"qmean6_z_score":-3.625278675,"interaction_norm_score":-0.0113814116,"interaction_z_score":-1.7441502281,"cbeta_norm_score":0.0011214636,"cbeta_z_score":-2.2617128259,"packing_norm_score":-0.1762833915,"packing_z_score":-2.0928143598,"torsion_norm_score":-0.0666863226,"torsion_z_score":-2.0605071424,"ss_agreement_norm_score":0.3465440693,"ss_agreement_z_score":-1.726378288,"acc_agreement_norm_score":0.5445544554,"acc_agreement_z_score":-1.3301253589,"avg_local_score":0.4052980494,"avg_local_score_error":0.08},"local_scores":{"A":[null,null,null,null,null,null,null,null,null,null,null,null,null,null,null,null,null,0.4235214392,0.3055527406,0.2335532832,0.273479778,0.2096782508,0.2490144526,0.4389672976,0.4816810489,0.5106573432,0.5600636877,0.5913478883,0.5213285464,0.5074289255,0.4130390589,0.4790294248,0.3847554306,0.344826607,0.3299812093,0.3551010802,0.3982902008,0.3175451105,0.3841816,0.3777562265,0.3360940545,0.3178282765,0.3663860228,0.4368306255,0.4662177359,0.4299184097,0.3589759502,0.3505389901,0.3130975014,0.2258105552,0.1791237302,0.1815486304,0.193481595,0.2057111224,0.1851232492,0.2710345592,0.4398868448,0.4769490528,0.4984254798,0.4470871863,0.4986074786,0.5155719106,0.4243878512,0.5917023413,0.5575195787,0.5212806301,0.4529488642,0.5735516518,0.5341126841,0.3767100887,0.4009075735,0.4374973024,0.5012671462,0.4401713352,0.4558306726,0.438383367,0.4538246459,0.507933577,0.4939623938,0.3955934536,0.4089522123,0.2953901543,0.3572823179,0.2632723768,0.316105412,0.4293252455,0.4237362546,0.4556710407,0.5224987517,0.4955841816,0.5090593185,0.5076564576,0.4887746696,0.5285446394,0.5347086189,0.4756083716,0.4482393198,0.2864767426,0.2863348967,0.2445246122,0.3045146917,0.4066116262,0.4083358364,0.3122698348,0.4324387729,0.4487070577,0.3545484719,0.4291457079,0.4448857522,0.3885095918,0.4421318357,0.4090740911,0.4291759083,0.4426051403,0.4719112559,0.4195273273,0.3793022814,0.3910474657,null,null,null,null,null,null,null,null,null,null,null,null,null,null,null,null,null,null,null,null,null,null,null,null,null,null,null,null,null,null,null,null,null,null,null,null,null,null,null,null,null,null,null,null,null,null,null,null,null,null,null,null,null,null,null,null,null,null,null,null]}},"title":"Modelling","endtime":"02-06-20 (07:39:40)","mod_engine":["ProMod3"],"ProMod3":{"version":"3.0.0"},"ProMod":null,"MODELLER":null,"SPDBV":null}}