{"modelling":{"id":"1ab4f308796f35a22553a5e53df9e2db4777c3fc","trg_seq":"LKEVRDAVLMVREHPEMKDKILEPPIMTVSAINAQFAAYLAQCVDYNT--SKALTVVDSDSYKLFANPILDKFKVNLRELSSADTTPPVPAETVRDLGFEGYLSDFITGDKRVMKMLCQTSKIHTIPVSRRELTPAQIKKLITPRPNGKILFKRIIHGNRLVDIKQSAYGSKQVFPTDVS","tpl_seq":"--------------PLISEELMMPILGIVRAKSFDDAVEKAVWLEHGNRHSAHIHSKNVDRITTYAKAI---------------------------------------------------------------------------------------------------------------","pdb_id":"4c3s","chain":"A","method":"X-RAY DIFFRACTION","short_method":"X-ray","coverage":0.2977527976,"resolution":1.6399999857,"description":"ALDEHYDE DEHYDROGENASE","seq_sim":0.2993640602,"assembly_id":1,"score":0.436788708,"pred_lddt":0.125,"seq_id":18.8679237366,"found_by":"HHblits","oligo_state":"monomer","comment":"e_value=28, p_value=0.0024, score=27.5, ss_score=5.7, prob=33.1","offset":334,"starttime":"02-06-20 (07:39:32)","QMean":{"global_scores":{"qmean4_norm_score":0.4020758038,"qmean4_z_score":-4.1591932239,"qmean6_norm_score":0.3778635846,"qmean6_z_score":-4.0176912648,"interaction_norm_score":-0.0275818561,"interaction_z_score":-0.4893810258,"cbeta_norm_score":0.0048879911,"cbeta_z_score":-2.2051264262,"packing_norm_score":0.0913894881,"packing_z_score":-3.1558531601,"torsion_norm_score":0.3732029717,"torsion_z_score":-2.9504043844,"ss_agreement_norm_score":0.1484352578,"ss_agreement_z_score":-1.5362897408,"acc_agreement_norm_score":0.4716981132,"acc_agreement_z_score":-2.5704004902,"avg_local_score":0.5013768794,"avg_local_score_error":0.111},"local_scores":{"A":[null,null,null,null,null,null,null,null,null,null,null,null,null,null,0.3626147545,0.3477118744,0.396425219,0.5722358074,0.5582859473,0.5996939953,0.4361913971,0.4865975957,0.3600801996,0.3125291958,0.3076030204,0.2918338514,0.3477095786,0.3724056714,0.4121090243,0.4503233883,0.5725193998,0.4104124851,0.565958121,0.6457399175,0.5842190183,0.5492886673,0.6543340462,0.6672084275,0.5643075961,0.5931995299,0.605860279,0.6087839853,0.6734779597,0.5747805944,0.5348283486,0.5766777202,0.4105634291,0.3375455411,0.4744318612,0.4406122848,0.4569259074,0.418094825,0.4019691208,0.4103513519,0.3099903502,0.5588962272,0.485196348,0.6593650826,0.6547018516,0.5815007844,0.6644664396,0.6453276666,0.5389631401,0.6658857632,0.592056663,0.4370093633,0.4331739922,null,null,null,null,null,null,null,null,null,null,null,null,null,null,null,null,null,null,null,null,null,null,null,null,null,null,null,null,null,null,null,null,null,null,null,null,null,null,null,null,null,null,null,null,null,null,null,null,null,null,null,null,null,null,null,null,null,null,null,null,null,null,null,null,null,null,null,null,null,null,null,null,null,null,null,null,null,null,null,null,null,null,null,null,null,null,null,null,null,null,null,null,null,null,null,null,null,null,null,null,null,null,null,null,null,null,null,null,null,null,null]}},"title":"Modelling","endtime":"02-06-20 (07:39:37)","mod_engine":["ProMod3"],"ProMod3":{"version":"3.0.0"},"ProMod":null,"MODELLER":null,"SPDBV":null}}