{"modelling":{"id":"2a2d3c5b1e2fa185add4388306f958865fdc0215","trg_seq":"LKEVRDAVLMVREHPEMKDKILEPPIMTVSAINAQFAAYLAQCVDYNTSKALTVVDSDSYKLFANPILDKFKVNLRELSSADTTPPVPAETVRDLGFEGYLSDFITGDKRVMKMLCQTSKIHTIPVSRRELTPAQIKKLITPRPNGKILFKRIIHGNRLVDIKQSAYGSKQVFPTDVS","tpl_seq":"--------------KIAQTELFAPIATIIKAGSDQEAIDMANDTEYGLSSAVFTSDLEKGEKFALQI---------------------------------------------------------------------------------------------------------------","pdb_id":"4dng","chain":"A","method":"X-RAY DIFFRACTION","short_method":"X-ray","coverage":0.2977527976,"resolution":2.5,"description":"Uncharacterized aldehyde dehydrogenase AldY","seq_sim":0.3056603074,"assembly_id":1,"score":0.4403231144,"pred_lddt":0.1420000046,"seq_id":22.6415100098,"found_by":"HHblits","oligo_state":"monomer","comment":"e_value=23, p_value=0.002, score=28.3, ss_score=5.7, prob=35.6","offset":375,"starttime":"02-06-20 (07:39:31)","QMean":{"global_scores":{"qmean4_norm_score":0.4367513332,"qmean4_z_score":-3.7867600221,"qmean6_norm_score":0.4329198676,"qmean6_z_score":-3.4818145816,"interaction_norm_score":-0.030246496,"interaction_z_score":-0.3288962548,"cbeta_norm_score":-0.0155383995,"cbeta_z_score":-0.5229861065,"packing_norm_score":0.1556143369,"packing_z_score":-3.5857180368,"torsion_norm_score":0.3465503838,"torsion_z_score":-2.8332642868,"ss_agreement_norm_score":0.1977623687,"ss_agreement_z_score":-1.3710545355,"acc_agreement_norm_score":0.5094339623,"acc_agreement_z_score":-2.1555829318,"avg_local_score":0.4516944082,"avg_local_score_error":0.111},"local_scores":{"A":[null,null,null,null,null,null,null,null,null,null,null,null,null,null,0.3980219496,0.3975676194,0.4001684335,0.5937627691,0.5716481151,0.5127931982,0.3509773958,0.4383067277,0.3458843055,0.3453911679,0.2881494819,0.2720792094,0.2915561182,0.3254280164,0.3570089561,0.368581658,0.5568170795,0.4476669405,0.5571771122,0.5379145514,0.5279336208,0.4711312301,0.5671162755,0.6126322398,0.4359550075,0.4484858185,0.5495503324,0.4909571723,0.5229328359,0.4302504226,0.3747582459,0.2879788876,0.431552841,0.4116482867,0.4077646297,0.4183989217,0.4285092007,0.3562244574,0.3832308117,0.3637956514,0.3080225897,0.5004368361,0.4557001615,0.5661652584,0.5595361458,0.5112429958,0.6032921126,0.6399050201,0.5015192011,0.5862094791,0.5171345132,0.4676555515,0.445276077,null,null,null,null,null,null,null,null,null,null,null,null,null,null,null,null,null,null,null,null,null,null,null,null,null,null,null,null,null,null,null,null,null,null,null,null,null,null,null,null,null,null,null,null,null,null,null,null,null,null,null,null,null,null,null,null,null,null,null,null,null,null,null,null,null,null,null,null,null,null,null,null,null,null,null,null,null,null,null,null,null,null,null,null,null,null,null,null,null,null,null,null,null,null,null,null,null,null,null,null,null,null,null,null,null,null,null,null,null,null,null]}},"title":"Modelling","endtime":"02-06-20 (07:39:35)","mod_engine":["ProMod3"],"ProMod3":{"version":"3.0.0"},"ProMod":null,"MODELLER":null,"SPDBV":null}}