{"modelling":{"id":"33cb97e459b8de23033be6eae648b8aecee0dd4a","trg_seq":"LKEVRDAVLMVREHPEMKDKILEPPIMTVSAINAQFAAYLAQCVDYNTSKALTVVDSDSYKLFANPILDKFKVNLRELSSADTTPPVPAETVRDLGFEGYLSDFITGDKRVMKMLCQTSKIHTIPVSRRELTPAQIKKLITPRPNGKILFKRIIHGNRLVDIKQSAYGSKQVFPTDVS","tpl_seq":"--------------DIYKTEIFGPVLSVVRARNYEEALSLPMKHEYGNGVAIYTRDGDAARDFASRI---------------------------------------------------------------------------------------------------------------","pdb_id":"4e4g","chain":"B","method":"X-RAY DIFFRACTION","short_method":"X-ray","coverage":0.2977527976,"resolution":2.9000000954,"description":"Methylmalonate-semialdehyde dehydrogenase","seq_sim":0.3295603395,"assembly_id":2,"score":0.4540016651,"pred_lddt":0.1350000054,"seq_id":28.3018875122,"found_by":"HHblits","oligo_state":"monomer","comment":"e_value=27, p_value=0.0023, score=28.3, ss_score=5.6, prob=32.6","offset":400,"starttime":"02-06-20 (07:39:28)","QMean":{"global_scores":{"qmean4_norm_score":0.466808066,"qmean4_z_score":-3.4639350946,"qmean6_norm_score":0.4693317848,"qmean6_z_score":-3.1274082123,"interaction_norm_score":-0.0214124568,"interaction_z_score":-0.8609489104,"cbeta_norm_score":-0.0115026578,"cbeta_z_score":-0.8553347773,"packing_norm_score":0.2268402221,"packing_z_score":-4.0624417178,"torsion_norm_score":0.1763493003,"torsion_z_score":-2.0852179194,"ss_agreement_norm_score":0.2018654802,"ss_agreement_z_score":-1.3573099951,"acc_agreement_norm_score":0.5471698113,"acc_agreement_z_score":-1.7407653735,"avg_local_score":0.4180459933,"avg_local_score_error":0.111},"local_scores":{"B":[null,null,null,null,null,null,null,null,null,null,null,null,null,null,0.430413103,0.4499323216,0.370843789,0.4533126501,0.4628859375,0.4928425963,0.4089682703,0.4876774792,0.3661370787,0.361350202,0.3465824328,0.3292474201,0.2994529187,0.287483638,0.3503703722,0.3278038328,0.4245942865,0.3771526365,0.408488788,0.4337619046,0.4088372869,0.3825799798,0.4230689006,0.4834798197,0.3823957598,0.4152450027,0.4333664853,0.4370126751,0.4354159613,0.4383089571,0.4042142739,0.4283774092,0.4385414313,0.4563291348,0.4191483768,0.4161578327,0.4101753926,0.381795788,0.3524630904,0.3770857303,0.3255593886,0.4168006624,0.4415643695,0.5214101203,0.4584020653,0.4125683113,0.5290621095,0.4936370912,0.4259509741,0.5126881864,0.4115868309,0.5000125407,0.5138940485,null,null,null,null,null,null,null,null,null,null,null,null,null,null,null,null,null,null,null,null,null,null,null,null,null,null,null,null,null,null,null,null,null,null,null,null,null,null,null,null,null,null,null,null,null,null,null,null,null,null,null,null,null,null,null,null,null,null,null,null,null,null,null,null,null,null,null,null,null,null,null,null,null,null,null,null,null,null,null,null,null,null,null,null,null,null,null,null,null,null,null,null,null,null,null,null,null,null,null,null,null,null,null,null,null,null,null,null,null,null,null]}},"title":"Modelling","endtime":"02-06-20 (07:39:32)","mod_engine":["ProMod3"],"ProMod3":{"version":"3.0.0"},"ProMod":null,"MODELLER":null,"SPDBV":null}}