{"chain_subprj_list":null,"creation_date":"2020-06-02","ligands":[],"major_issues":null,"mdlchain_butpl_map":{"A":"1gxk.1.A"},"mdl_smtl_map":{"A":"A"},"mod_engine":"PROMOD3","modified_template":false,"oligo":{"based_on":"prediction","state":"monomer","state_bu":"homo-dimer","state_tpl":"homo-dimer","qs_prediction":"0.000","qs_conserved":"not conserved","chains_to_mdl":1,"res_to_mdl":126},"plip":{},"pred_lddt":0.3490000069,"qmean_values":{"global_scores":{"qmean4_norm_score":0.5512101353,"qmean4_z_score":-4.4399046511,"qmean6_norm_score":0.5231134151,"qmean6_z_score":-4.8374470418,"interaction_norm_score":-0.0092796059,"interaction_z_score":-2.4721967789,"cbeta_norm_score":-0.0024251819,"cbeta_z_score":-2.0382925493,"packing_norm_score":-0.3286015609,"packing_z_score":-0.6295379381,"torsion_norm_score":0.2363607444,"torsion_z_score":-3.9156054343,"ss_agreement_norm_score":0.300385687,"ss_agreement_z_score":-2.6399293052,"acc_agreement_norm_score":0.5928571429,"acc_agreement_z_score":-0.5560687574,"avg_local_score":0.4960177364,"avg_local_score_error":0.071},"local_scores":{"A":[null,null,null,null,null,null,null,null,null,null,null,null,null,null,null,null,null,null,null,null,null,null,null,null,null,null,null,null,null,0.4352020716,0.4489169538,0.5649209109,0.5377759334,0.5739095427,0.5222660013,0.5078347328,0.5506540336,0.543267708,0.4142539415,0.3362991059,0.3239398409,0.4619867942,0.3884215684,0.5130115768,0.4129077168,0.523966769,0.6223512767,0.541325466,0.5161662965,0.6039436897,0.5746915292,0.4978064719,0.5382822807,0.6085548482,0.5926632653,0.5461943204,0.5827868742,0.4975539547,0.5697109433,0.6145825737,0.6026141723,0.5851414719,0.6404715233,0.6061211945,0.5838083377,0.6306136751,0.659027768,0.6766354781,0.6462218298,0.6556989522,0.7178090181,0.6723771216,0.6141046504,0.6826698557,0.6193776257,0.5314824798,0.5747846884,0.6007797704,0.4423088779,0.4117812295,0.2737005685,0.3710640121,0.4490042667,0.4969552934,0.5019415437,0.5675779314,0.6159170273,0.6403724325,0.5863496182,0.4797012782,0.4259828713,0.3462824173,0.3495207867,0.3385834813,0.301960199,0.3159134794,0.2775802558,0.3135719936,0.3185946115,0.4359912507,0.3056527783,0.3515827687,0.32327737,0.5025066881,0.4068446596,0.476803413,0.4118443918,0.4208931604,0.4228239734,0.4040766222,0.4858099692,0.5751831175,0.564793517,0.4515840497,0.4640115862,0.4102238906,0.3872682096,0.4816072851,0.3224943707,0.4060768638,0.4027007902,0.4021473024,0.3978113936,0.377629572,0.4216361583,0.3698768699,0.4546925568,0.4375925676,0.3771900207,0.487626529,0.4458382118,0.4189687023,0.5448588713,0.6056817128,0.5984467857,0.5904664565,0.5018676047,0.5826727536,0.594981164,0.5988156596,0.5759206189,0.6537098536,0.5825258739,0.6306743207,0.6028275403,0.5973159565,0.5885557499,0.5051095216,0.3410640668,0.404868597,0.3362007427,0.3610290531,0.3453993113,0.4725328428,0.5061967317,0.6355827894,0.6103010707,0.6000346265,0.5296854987,0.4065902692,0.333798373,0.3796324606,0.3299709425,0.5118910209,0.6584665348,0.5827728343,0.5843474334,0.5685871268,0.4934869386,null,null,null,null,null,null,null,null,null,null,null,null,null,null,null,null,null,null,null,null,null]}},"residue_range":[{"chain_name":"A","residue_from":"30","residue_to":"169"}],"templates":["ca3d70f09a66c9adcdd8ebd4c21930a4c50be3b8"],"tpl_info":{"1gxk.1.A":{"origin":"reference database","label_asym_id":"A","label_smtl_id":"A","entity_type":"polymer","entity_id":"1"}}}