{"modelling":{"id":"81835eeb972d7429bed30496cb256d7a527d4591","trg_seq":"DTFLMNFDRNMDRLLRTIEQRKNEFETPAIGPLGSLVTIRKGFEKWTRSIQRAISSSLNAFVVSNPKDNRLFRDIMRSCGIRSNIPIVTYCL--SQFDYS---KGRAHGNYPTIVDALEFSKPEIECLFVDLSRIERIVLIEDKNEARNFLQRNPVNVNMALSLRDRRSGFQLSGGYRLDTVTYQDKIRLKVNSS","tpl_seq":"-----GFSRAVRAVFEEKE----RF-PGLVDVVSNLIEV-D--EKYSLAVSVLLGGTAQNIVVRNVDTAKAIVEFLKQNEAG-RVTILPLDLIDGSFNRISGLENER-GFVGYAVDLVKFPSD-LEV-LGG-FLFGNSVVVETLDDAIRMKKKYR-LNTRIATLD----GELIS---------------------","pdb_id":"1gxl","chain":"A","method":"X-RAY DIFFRACTION","short_method":"X-ray","coverage":0.7684210539,"resolution":3.0,"description":"CHROMOSOME SEGREGATION SMC PROTEIN","seq_sim":0.2936091721,"assembly_id":2,"score":1.1189628839,"pred_lddt":0.4099999964,"seq_id":16.4383563995,"found_by":"HHblits","oligo_state":"homo-dimer","comment":"e_value=3.8e-08, p_value=3.5e-12, score=76.4, ss_score=9.4, prob=98.7","offset":25,"starttime":"02-06-20 (08:59:12)","QMean":{"global_scores":{"qmean4_norm_score":0.5985586827,"qmean4_z_score":-4.0543283637,"qmean6_norm_score":0.5736843757,"qmean6_z_score":-4.3328120421,"interaction_norm_score":-0.0117934659,"interaction_z_score":-2.3026261152,"cbeta_norm_score":-0.0036569438,"cbeta_z_score":-2.0053510529,"packing_norm_score":-0.2969892154,"packing_z_score":-1.065512608,"torsion_norm_score":0.083697495,"torsion_z_score":-3.2605513801,"ss_agreement_norm_score":0.2899246848,"ss_agreement_z_score":-2.5583889277,"acc_agreement_norm_score":0.6402439024,"acc_agreement_z_score":-0.2359369081,"avg_local_score":0.5064595249,"avg_local_score_error":0.067},"local_scores":{"A":[null,null,null,null,null,0.3194022415,0.3618608225,0.4992373089,0.5121958347,0.5394359754,0.5983724234,0.5877229107,0.5664083505,0.6098373004,0.6022996945,0.4706683402,0.5582399854,0.5496178762,0.3923479696,0.3639836606,0.3590742908,0.3684278621,0.4466497597,0.5493813346,0.5370357894,0.3827515769,0.4083513203,0.480862412,0.5077921502,0.479272954,0.5084484826,0.602143266,0.4636757794,0.5502445796,0.518369313,0.5330777784,0.5706003881,0.572450335,0.5007638313,0.3351145654,0.3664780193,0.4030899915,0.2283428732,0.4403560484,0.35089041,0.3661256871,0.5306503918,0.5721775008,0.6074043452,0.6011906503,0.5778030934,0.4918469638,0.5720264751,0.6178181554,0.5865535784,0.5351619421,0.5672146378,0.545388494,0.5449334769,0.6144780088,0.5911186256,0.5832005297,0.6193935742,0.5723999173,0.5804425608,0.6691759029,0.6567457308,0.6384243101,0.6820956995,0.6476184341,0.7280351405,0.6309951601,0.6041220303,0.6808988144,0.5924762217,0.5250273337,0.5667464977,0.5182821844,0.3896320751,0.3573981616,0.2780574991,0.3760165167,0.3683951428,0.5193345294,0.5143689022,0.5812002258,0.6392343124,0.6493602074,0.6308561568,0.5222059174,0.4046464778,0.2973563713,0.3304291052,0.3351637244,0.2978326809,0.3358479137,0.3315196727,0.3914969853,0.3913780367,0.3601426245,0.3170158185,0.4013968254,0.3790881649,0.3904112478,0.436265519,0.466354077,0.4873597424,0.5034496458,0.5240290584,0.5270981632,0.5116128853,0.5486913617,0.5898986515,0.5208385047,0.4707753957,0.4043982676,0.4524282884,0.5034712121,0.3800993466,0.4524677107,0.4006357613,0.4018244559,0.3763113277,0.387082099,0.440286779,0.3844541183,0.4620761329,0.4883407158,0.3262080251,0.5340914425,0.4535046293,0.4461925605,0.5737202918,0.6148706261,0.6073514728,0.5856355795,0.4985927266,0.6148192272,0.6394717638,0.6659961982,0.6021562575,0.6982514539,0.6438081679,0.6961048344,0.6517482441,0.6656358293,0.6542325846,0.6322768356,0.5657978665,0.4577127668,0.4311037903,0.3453699122,0.4036639674,0.5152023501,0.5839409495,0.6649133684,0.6462529679,0.6460688778,0.5568959941,0.4191260529,0.4345283056,0.414602786,0.2967706494,0.4247055421,0.7029150671,0.6318945821,0.6286001757,0.625095165,0.5362498013,null,null,null,null,null,null,null,null,null,null,null,null,null,null,null,null,null,null,null,null,null]}},"title":"Modelling","endtime":"02-06-20 (08:59:22)","mod_engine":["ProMod3"],"ProMod3":{"version":"3.0.0"},"ProMod":null,"MODELLER":null,"SPDBV":null}}