{"modelling":{"id":"fd7021e4c31b247b9ff68253c49e63617ae8ae15","trg_seq":"LKEVRDAVLMVREHPEMKDKILEPPIMTVSAINAQFAAYLAQCVDYNTSKALTVV-DSDSYKLFANPILDKFKVNLRELSSADTTPPVPAETVRDLGFEGYLSDFITGDKRVMKMLCQTSKIHTIPVSRRELTPAQIKKLITPRPNGKILFKRIIHGNRLVDIKQSAYGSKQVFPTDVS","tpl_seq":"--------------TIWKDEIFAPVLSVIRVKNLKEAIEIANKSEFA-NGACLFTSNSNAIRYFRENI---------------------------------------------------------------------------------------------------------------","pdb_id":"1t90","chain":"A","method":"X-RAY DIFFRACTION","short_method":"X-ray","coverage":0.2921348214,"resolution":2.5,"description":"Probable methylmalonate-semialdehyde dehydrogenase","seq_sim":0.3140999079,"assembly_id":1,"score":0.4367073476,"pred_lddt":0.1309999973,"seq_id":21.1538467407,"found_by":"HHblits","oligo_state":"homo-dimer","comment":"e_value=44, p_value=0.0037, score=26.5, ss_score=5.8, prob=26.3","offset":375,"starttime":"02-06-20 (07:39:31)","QMean":{"global_scores":{"qmean4_norm_score":0.4279453893,"qmean4_z_score":-3.8813404354,"qmean6_norm_score":0.411474568,"qmean6_z_score":-3.69054709,"interaction_norm_score":-0.0286417369,"interaction_z_score":-0.4255469855,"cbeta_norm_score":0.0011904721,"cbeta_z_score":-1.9006308385,"packing_norm_score":0.1710678019,"packing_z_score":-3.6891499942,"torsion_norm_score":0.2645613868,"torsion_z_score":-2.4729165728,"ss_agreement_norm_score":0.2136118207,"ss_agreement_z_score":-1.3179622825,"acc_agreement_norm_score":0.4528301887,"acc_agreement_z_score":-2.7778092693,"avg_local_score":0.4731130753,"avg_local_score_error":0.111},"local_scores":{"A":[null,null,null,null,null,null,null,null,null,null,null,null,null,null,0.4024668241,0.3873720024,0.4648361082,0.6144451261,0.6267521008,0.6430947278,0.4900111023,0.4521173539,0.3603832128,0.3539299603,0.3561331374,0.3500634893,0.3294056005,0.3177594712,0.3595453872,0.3565278786,0.3990387179,0.3815148418,0.4434408802,0.5125512512,0.5379431845,0.4699452322,0.5738535754,0.6543516946,0.509346642,0.5032409437,0.5791057326,0.567652918,0.5639483316,0.5610531665,0.4667175671,0.5327000449,0.3967785643,0.3119395794,0.4225756367,0.3366117687,0.4229985063,0.3768952928,0.3814400962,0.265120273,0.3494249904,0.4900763556,0.5010995209,0.6329194885,0.6188891731,0.5770142646,0.6043184095,0.6193820278,0.5139681508,0.6378706122,0.5764136191,0.4590607462,0.4589477103,null,null,null,null,null,null,null,null,null,null,null,null,null,null,null,null,null,null,null,null,null,null,null,null,null,null,null,null,null,null,null,null,null,null,null,null,null,null,null,null,null,null,null,null,null,null,null,null,null,null,null,null,null,null,null,null,null,null,null,null,null,null,null,null,null,null,null,null,null,null,null,null,null,null,null,null,null,null,null,null,null,null,null,null,null,null,null,null,null,null,null,null,null,null,null,null,null,null,null,null,null,null,null,null,null,null,null,null,null,null,null]}},"title":"Modelling","endtime":"02-06-20 (07:39:35)","mod_engine":["ProMod3"],"ProMod3":{"version":"3.0.0"},"ProMod":null,"MODELLER":null,"SPDBV":null}}