{"modelling":{"id":"dc1f69b7108625dee35fcfae22f4569136a36dbb","trg_seq":"LKEVRDAVLMVREHPEMKDKILEPPIMTVSAINAQFAAYLAQCVDYNTSKALTV-VDSDSYKLFANPILDKFKVNLRELSSADTTPPVPAETVRDLGFEGYLSDFITGDKRVMKMLCQTSKIHTIPVSRRELTPAQIKKLITPRPNGKILFKRIIHGNRLVDIKQSAYGSKQVFPTDVS","tpl_seq":"--------------TIYKEEIFGPVLCIVRVNSLEEAMQLINDHEYG-NGTCIFTRDGEAARLFCDEI---------------------------------------------------------------------------------------------------------------","pdb_id":"5tjr","chain":"C","method":"X-RAY DIFFRACTION","short_method":"X-ray","coverage":0.2921348214,"resolution":2.9500000477,"description":"Methylmalonate-semialdehyde dehydrogenase","seq_sim":0.3115402758,"assembly_id":1,"score":0.4352788925,"pred_lddt":0.1330000013,"seq_id":21.1538467407,"found_by":"HHblits","oligo_state":"monomer","comment":"e_value=53, p_value=0.0044, score=26.5, ss_score=6, prob=24.4","offset":409,"starttime":"02-06-20 (07:39:31)","QMean":{"global_scores":{"qmean4_norm_score":0.3821016222,"qmean4_z_score":-4.3737263123,"qmean6_norm_score":0.3730021276,"qmean6_z_score":-4.0650090515,"interaction_norm_score":-0.0331893377,"interaction_z_score":-0.1516560693,"cbeta_norm_score":0.0113428876,"cbeta_z_score":-2.7366957044,"packing_norm_score":0.1575092884,"packing_z_score":-3.5984011821,"torsion_norm_score":0.3567318624,"torsion_z_score":-2.8780126393,"ss_agreement_norm_score":0.2078561513,"ss_agreement_z_score":-1.3372425362,"acc_agreement_norm_score":0.4905660377,"acc_agreement_z_score":-2.362991711,"avg_local_score":0.4474621723,"avg_local_score_error":0.111},"local_scores":{"C":[null,null,null,null,null,null,null,null,null,null,null,null,null,null,0.293372951,0.3139276718,0.4722393179,0.3823459697,0.377834521,0.4408221054,0.3968237561,0.4912897057,0.3359990353,0.4201747151,0.3736335816,0.2914230108,0.3068745432,0.3191303294,0.3973661181,0.410258957,0.4670982067,0.4298570489,0.5376136343,0.5796836983,0.5153132656,0.5176322838,0.6084257754,0.6427815929,0.5374456519,0.4910485706,0.5323976033,0.5031670475,0.404362306,0.3292973356,0.2968573942,0.3056533223,0.3631790531,0.2591831178,0.4226322212,0.3260270428,0.4022055562,0.3771160277,0.442956273,0.4223631441,0.3831230281,0.5211071945,0.526859348,0.5588359709,0.5372140767,0.5510222896,0.5477801452,0.5898520816,0.5338574831,0.6026818111,0.6123406025,0.5067793853,0.5062282529,null,null,null,null,null,null,null,null,null,null,null,null,null,null,null,null,null,null,null,null,null,null,null,null,null,null,null,null,null,null,null,null,null,null,null,null,null,null,null,null,null,null,null,null,null,null,null,null,null,null,null,null,null,null,null,null,null,null,null,null,null,null,null,null,null,null,null,null,null,null,null,null,null,null,null,null,null,null,null,null,null,null,null,null,null,null,null,null,null,null,null,null,null,null,null,null,null,null,null,null,null,null,null,null,null,null,null,null,null,null,null]}},"title":"Modelling","endtime":"02-06-20 (07:39:36)","mod_engine":["ProMod3"],"ProMod3":{"version":"3.0.0"},"ProMod":null,"MODELLER":null,"SPDBV":null}}