{"modelling":{"id":"c6c0939812cf4a91b4e4188f0e60016236e40379","trg_seq":"LKEVRDAVLMVREHPEMKDKILEPPIMTVSAINAQFAAYLAQCVDYNTSKALTV-VDSDSYKLFANPILDKFKVNLRELSSADTTPPVPAETVRDLGFEGYLSDFITGDKRVMKMLCQTSKIHTIPVSRRELTPAQIKKLITPRPNGKILFKRIIHGNRLVDIKQSAYGSKQVFPTDVS","tpl_seq":"--------------TIYKEEIFGPVLCIVRVNSLEEAMQLINDHEYG-NGTCIFTRDGEAARLFCDEI---------------------------------------------------------------------------------------------------------------","pdb_id":"5tjr","chain":"A","method":"X-RAY DIFFRACTION","short_method":"X-ray","coverage":0.2921348214,"resolution":2.9500000477,"description":"Methylmalonate-semialdehyde dehydrogenase","seq_sim":0.3115402758,"assembly_id":1,"score":0.4352788925,"pred_lddt":0.1330000013,"seq_id":21.1538467407,"found_by":"HHblits","oligo_state":"monomer","comment":"e_value=53, p_value=0.0044, score=26.5, ss_score=6, prob=24.4","offset":409,"starttime":"02-06-20 (07:39:31)","QMean":{"global_scores":{"qmean4_norm_score":0.4278102709,"qmean4_z_score":-3.882791677,"qmean6_norm_score":0.4121489505,"qmean6_z_score":-3.6839831544,"interaction_norm_score":-0.0324931232,"interaction_z_score":-0.1935873702,"cbeta_norm_score":0.0025212009,"cbeta_z_score":-2.0102181235,"packing_norm_score":0.162529652,"packing_z_score":-3.632003098,"torsion_norm_score":0.2671606414,"torsion_z_score":-2.4843404892,"ss_agreement_norm_score":0.2019154514,"ss_agreement_z_score":-1.3571426024,"acc_agreement_norm_score":0.4716981132,"acc_agreement_z_score":-2.5704004902,"avg_local_score":0.4298825716,"avg_local_score_error":0.111},"local_scores":{"A":[null,null,null,null,null,null,null,null,null,null,null,null,null,null,0.2826647946,0.2868055158,0.4056394089,0.3874105352,0.4007179424,0.3976937907,0.3242771182,0.3866190507,0.2957131036,0.3879348251,0.3755250752,0.3029570124,0.2924103014,0.2995576148,0.3954480166,0.3939574181,0.4725923669,0.4189066789,0.5495330951,0.5490333056,0.4999129368,0.5111904151,0.5963499973,0.6116078862,0.5610071961,0.5237518717,0.5354560163,0.5152544092,0.407251707,0.3054390975,0.2657458454,0.2328150421,0.307053614,0.3674960138,0.2600121128,0.3016265608,0.3930603339,0.3739217261,0.4409062953,0.4244617285,0.3550295137,0.5041967834,0.5230476493,0.5545790229,0.5371291609,0.501839358,0.5440956321,0.5934810885,0.5100302104,0.6092951052,0.5349676311,0.4870933303,0.4892740349,null,null,null,null,null,null,null,null,null,null,null,null,null,null,null,null,null,null,null,null,null,null,null,null,null,null,null,null,null,null,null,null,null,null,null,null,null,null,null,null,null,null,null,null,null,null,null,null,null,null,null,null,null,null,null,null,null,null,null,null,null,null,null,null,null,null,null,null,null,null,null,null,null,null,null,null,null,null,null,null,null,null,null,null,null,null,null,null,null,null,null,null,null,null,null,null,null,null,null,null,null,null,null,null,null,null,null,null,null,null,null]}},"title":"Modelling","endtime":"02-06-20 (07:39:36)","mod_engine":["ProMod3"],"ProMod3":{"version":"3.0.0"},"ProMod":null,"MODELLER":null,"SPDBV":null}}