{"chain_subprj_list":null,"creation_date":"2020-06-02","ligands":[],"major_issues":null,"mdlchain_butpl_map":{"A":"4rsj.1.A"},"mdl_smtl_map":{"A":"A"},"mod_engine":"PROMOD3","modified_template":false,"oligo":{"based_on":"prediction","state":"monomer","state_bu":"homo-dimer","state_tpl":"homo-dimer","qs_prediction":"0.000","qs_conserved":"not conserved","chains_to_mdl":1,"res_to_mdl":124},"plip":{},"pred_lddt":0.3470000029,"qmean_values":{"global_scores":{"qmean4_norm_score":0.6177735627,"qmean4_z_score":-3.3231776144,"qmean6_norm_score":0.5929160578,"qmean6_z_score":-3.7208794836,"interaction_norm_score":-0.0103848815,"interaction_z_score":-2.4012278558,"cbeta_norm_score":-0.0029048363,"cbeta_z_score":-1.9644665021,"packing_norm_score":-0.2943052086,"packing_z_score":-1.1248339754,"torsion_norm_score":0.0188696746,"torsion_z_score":-2.525963391,"ss_agreement_norm_score":0.3606700274,"ss_agreement_z_score":-2.2802622973,"acc_agreement_norm_score":0.6068965517,"acc_agreement_z_score":-0.3826801988,"avg_local_score":0.5201714806,"avg_local_score_error":0.067},"local_scores":{"A":[null,null,null,null,null,null,null,null,null,null,null,null,null,null,null,null,null,null,null,null,null,null,null,null,0.4894504679,0.471157255,0.44515335,0.5234909305,0.3776138865,0.5241921589,0.5554429982,0.5848949697,0.5022470866,0.614319466,0.6114395168,0.5896040829,0.6149645738,0.6359938184,0.6287815892,0.5243926572,0.4122460049,0.511536684,0.508628175,0.5957568017,0.5360988884,0.5699672596,0.6272738013,0.5453295674,0.5263990745,0.5922455287,0.5995219041,0.4898206871,0.5425297813,0.5784595675,0.56921439,0.5371236379,0.5790784551,0.5514087981,0.5926991199,0.6281357698,0.5466905552,0.5979180951,0.5886501623,0.5565858906,0.5579290722,0.6399082579,0.6500037867,0.6352529514,0.655145637,0.6500022643,0.7073731927,0.6732303415,0.6318460419,0.673186929,0.6207894665,0.6038460988,0.5821602182,0.6515521047,0.5060099159,0.644748535,0.556112882,0.412564268,0.472292937,0.516545293,0.5701280661,0.6237626326,0.5982967158,0.5885002923,0.527110885,0.4338989433,0.4057252772,0.3827617763,0.3421821516,0.3421462245,0.2660339525,0.3123785034,0.3330754062,0.4096401365,0.3706387229,0.398837027,0.348660251,0.4573974286,0.4185542344,0.4711792229,0.3982700329,0.3513983872,0.5433660312,0.5789146229,0.5940783266,0.5777524179,0.5485486438,0.6638830624,0.6566872359,0.6168897656,0.586541678,0.5910712762,0.5272231689,0.5173100844,0.3852627718,0.430369417,0.4392411962,0.3711108739,0.3730281059,0.3242656763,0.3595271249,0.40098955,0.40487818,0.4447471611,0.4533288998,0.4949560092,0.4501720824,0.4079240599,0.5436621203,0.6214694492,0.5860964764,0.5874803705,0.6088444711,0.6171796391,0.5928791733,0.5892375228,0.5579970468,0.614279703,0.4552009236,0.4946253928,0.444416836,0.5119400314,0.50084086,0.3786455666,0.3417046851,0.4029029544,0.4232684117,0.3142933636,0.3692130214,0.4425312672,0.5546717971,0.6169236492,0.6349447405,0.6305611154,0.5592970062,0.5178481949,0.457376368,0.3908326469,0.3920344531,0.4962619241,0.6298180334,0.5785169812,0.5958129033,0.6014462152,0.560208074,null,null,null,null,null,null,null,null,null,null,null,null,null,null,null,null,null,null,null,null,null]}},"residue_range":[{"chain_name":"A","residue_from":"25","residue_to":"169"}],"templates":["0da2a2ee54efb8670bd0123552024a38a25c3902"],"tpl_info":{"4rsj.1.A":{"origin":"reference database","label_asym_id":"A","label_smtl_id":"A","entity_type":"polymer","entity_id":"1"}}}