{"modelling":{"id":"d46f5016b4b9170a297a3c5b293eb019bd6364f6","trg_seq":"LKEVRDAVLMVREHPEMKDKILEPPIMTVSAINAQFAAYLAQCVDYNTSKALTVVDSDSYKLFANPILDKFKVN--LRELSSA------DTTPPVPAETVRDLGFEGYLSDFITGDKRVMKMLCQTSKIHTIPVSRRELTPAQIKKLITPR-PNGKILFKRIIHGNRLVDIKQSAYGSKQVFPTDVS","tpl_seq":"-----------------------PIYMNLKCKEKGFAALIEGFFRTDTFRTFIMSNYNDYLKLMDLITSKTKYTPTIREFSSERKKKIEDFEPPCSREKLQSFGFDGYVIDFLEGPEVVLVALCHMLKIHQIPIAKRELPPASVNALNNFRLANGDPVLKTYLAGSSIHLVFRSAYGDREI------","pdb_id":"5mg8","chain":"A","method":"X-RAY DIFFRACTION","short_method":"X-ray","coverage":0.8370786309,"resolution":2.75,"description":"Structural maintenance of chromosomes protein 5","seq_sim":0.362863183,"assembly_id":2,"score":1.331928134,"pred_lddt":0.5839999914,"seq_id":32.2147636414,"found_by":"BLAST","oligo_state":"monomer","comment":"e_value=5.82245e-16, bit_score=75.485, score=184","offset":114,"starttime":"02-06-20 (07:39:25)","QMean":{"global_scores":{"qmean4_norm_score":0.6671715596,"qmean4_z_score":-2.3148460844,"qmean6_norm_score":0.6312498397,"qmean6_z_score":-2.9541463024,"interaction_norm_score":-0.012983806,"interaction_z_score":-1.9969513405,"cbeta_norm_score":-0.0028778708,"cbeta_z_score":-2.0089837825,"packing_norm_score":-0.3061700641,"packing_z_score":-0.9601870925,"torsion_norm_score":-0.1175863101,"torsion_z_score":-1.5377145,"ss_agreement_norm_score":0.3565170847,"ss_agreement_z_score":-2.2244890725,"acc_agreement_norm_score":0.5906040268,"acc_agreement_z_score":-0.6411628367,"avg_local_score":0.6259065664,"avg_local_score_error":0.067},"local_scores":{"A":[null,null,null,null,null,null,null,null,null,null,null,null,null,null,null,null,null,null,null,null,null,null,null,0.6331982507,0.6501472284,0.5909659659,0.5861099397,0.7021405512,0.7068915871,0.7110508838,0.7408241294,0.6871152299,0.6574061943,0.6965934754,0.6346133879,0.7075528969,0.717786025,0.7310624108,0.6958155031,0.7270621861,0.6887099417,0.6394039347,0.7537084858,0.6701295404,0.6078203509,0.5743383193,0.6122110218,0.5789270377,0.6120844753,0.6027665956,0.6903467254,0.6642721209,0.6959173768,0.6806795609,0.670462339,0.6533095893,0.6441990195,0.6559021283,0.6547671712,0.6090372547,0.627006291,0.580897526,0.5886596848,0.652606744,0.5160759919,0.4781329172,0.4697169519,0.3063198724,0.2770946356,0.2346180115,0.3293256289,0.4950775421,0.5735826837,0.5680865031,0.6079108414,0.5946610946,0.56975296,0.5718414609,0.3638255205,0.3654436791,0.3861352798,0.5040934945,0.5786100565,0.6044131528,0.6438398361,0.6204398221,0.6053829498,0.6118591665,0.6775681307,0.6022370761,0.5826938829,0.6716712195,0.6047927901,0.6376966824,0.6726851836,0.7359853153,0.6999606081,0.7197175283,0.7634896795,0.7409728437,0.7491292967,0.730715519,0.7350670551,0.6868474647,0.6880342435,0.7012530702,0.7128504701,0.6842590425,0.6738353611,0.6160687456,0.7048436748,0.6873278706,0.6744474036,0.6687083254,0.7057363662,0.7383715264,0.6548689621,0.6745503091,0.6711352938,0.6723948555,0.724486956,0.6795770209,0.7051299973,0.7549498443,0.79227471,0.7880121486,0.7698267004,0.6780637395,0.6897917316,0.7285248112,0.7469355259,0.7673237799,0.7665217474,0.7711248399,0.6900341001,0.6762462887,0.6506013436,0.6217240035,0.6185818819,0.5807994861,0.5718370622,0.566367862,0.4893338917,0.3617040782,0.3718265458,0.3752189817,0.3194911165,0.3287315939,0.5757721717,0.6620716057,0.6085667782,0.6639434792,0.7213308159,0.7286149683,0.7041787625,0.7425193408,0.6978158549,0.6580830255,0.7133063974,0.7057242864,0.6715951761,0.5921304525,0.5513015663,0.5418764202,0.5506683488,0.5697593794,0.5222202306,0.5926871479,0.5796132152,0.5302847306,0.466987,0.5233305144,null,null,null,null,null,null]}},"title":"Modelling","endtime":"02-06-20 (07:39:32)","mod_engine":["ProMod3"],"ProMod3":{"version":"3.0.0"},"ProMod":null,"MODELLER":null,"SPDBV":null}}