{"modelling":{"id":"77726c4d3556c904a53793ca8f229f4d49ba5b1f","trg_seq":"LKEVRDAVLMVREHPEMKDKILEPPIMTVSAINAQFAAYLAQCVDYNTSKALTVVDSDSYKLFANPILDKFKVNLRELSSADTTPPVPAETVRDLGFEGYLSDFITGDKRVMKMLCQTSKIHTIPVSRRELTPAQIKKLITPRPNGKILFKRIIHGNRLVDIKQSAYGSKQVFPTDVS","tpl_seq":"--------------RIAKEEIFGPVQPILKFKSIEEVIKRANSTDYGLTAAVFTKNLDKALKLASAL---------------------------------------------------------------------------------------------------------------","pdb_id":"6s6w","chain":"A","method":"X-RAY DIFFRACTION","short_method":"X-ray","coverage":0.2977527976,"resolution":3.25,"description":"Aldehyde dehydrogenase family 1 member A3","seq_sim":0.2893018126,"assembly_id":1,"score":0.4311991036,"pred_lddt":0.1330000013,"seq_id":16.9811325073,"found_by":"HHblits","oligo_state":"homo-dimer","comment":"e_value=34, p_value=0.0029, score=27.4, ss_score=5.6, prob=29.3","offset":386,"starttime":"02-06-20 (07:39:32)","QMean":{"global_scores":{"qmean4_norm_score":0.3811401573,"qmean4_z_score":-4.3840529455,"qmean6_norm_score":0.375315043,"qmean6_z_score":-4.0424968621,"interaction_norm_score":-0.0210075445,"interaction_z_score":-0.8853357925,"cbeta_norm_score":0.0051506344,"cbeta_z_score":-2.226755455,"packing_norm_score":0.1819612262,"packing_z_score":-3.7620610338,"torsion_norm_score":0.3657621168,"torsion_z_score":-2.9177012762,"ss_agreement_norm_score":0.198639534,"ss_agreement_z_score":-1.3681162206,"acc_agreement_norm_score":0.4905660377,"acc_agreement_z_score":-2.362991711,"avg_local_score":0.4292351894,"avg_local_score_error":0.111},"local_scores":{"A":[null,null,null,null,null,null,null,null,null,null,null,null,null,null,0.3447943347,0.3689096679,0.3663910889,0.4310431248,0.450008048,0.503137882,0.4155659741,0.4190876853,0.3294434584,0.3381825854,0.3312841156,0.3202449037,0.3170587426,0.3340539061,0.3718264275,0.3444589477,0.400277113,0.3828024633,0.4843167768,0.5343324484,0.4767450642,0.4379205607,0.5572327296,0.5723359218,0.4753881987,0.4581889119,0.5348313864,0.5280753082,0.4280327387,0.3637208367,0.2942789303,0.3620203817,0.4580702952,0.3831172534,0.3797712156,0.4010802287,0.3946212593,0.365579276,0.3524643468,0.3699053661,0.2955161337,0.442399951,0.4322479272,0.5851351713,0.5644372892,0.4791846185,0.5415611342,0.5676761713,0.4721206662,0.5545227841,0.4671141165,0.4805779254,0.4863712468,null,null,null,null,null,null,null,null,null,null,null,null,null,null,null,null,null,null,null,null,null,null,null,null,null,null,null,null,null,null,null,null,null,null,null,null,null,null,null,null,null,null,null,null,null,null,null,null,null,null,null,null,null,null,null,null,null,null,null,null,null,null,null,null,null,null,null,null,null,null,null,null,null,null,null,null,null,null,null,null,null,null,null,null,null,null,null,null,null,null,null,null,null,null,null,null,null,null,null,null,null,null,null,null,null,null,null,null,null,null,null]}},"title":"Modelling","endtime":"02-06-20 (07:39:37)","mod_engine":["ProMod3"],"ProMod3":{"version":"3.0.0"},"ProMod":null,"MODELLER":null,"SPDBV":null}}