{"modelling":{"id":"2bed416a72ca57e4cf6824e7956428136f08d28e","trg_seq":"DTFLMNFDRNMDRLLRTIEQRKNEFETPAIGPLGSLVTIRKGFEKWTRSIQRAISSSLNAFVVSNPKDNRLFRDIMRSCGIRSNIPIVTYCL--SQFDYS---KGRAHGNYPTIVDALEFSKPEIECLFVDLSRIERIVLIEDKNEARNFLQRNPVNVNMALSLRDRRSGFQLSGGYRLDTVTYQDKIRLKVNSS","tpl_seq":"-----GFSRAVRAVFEEKE----RF-PGLVDVVSNLIEV-D--EKYSLAVSVLLGGTAQNIVVRNVDTAKAIVEFLKQNEAG-RVTILPLDLIDGSFNRISGLENER-GFVGYAVDLVKFPSD-LEV-LGG-FLFGNSVVVETLDDAIRMKKKYR-LNTRIATLD----GELIS---------------------","pdb_id":"1gxl","chain":"A","method":"X-RAY DIFFRACTION","short_method":"X-ray","coverage":0.7684210539,"resolution":3.0,"description":"CHROMOSOME SEGREGATION SMC PROTEIN","seq_sim":0.2936091721,"assembly_id":1,"score":1.1189628839,"pred_lddt":0.4099999964,"seq_id":16.4383563995,"found_by":"HHblits","oligo_state":"homo-dimer","comment":"e_value=3.8e-08, p_value=3.5e-12, score=76.4, ss_score=9.4, prob=98.7","offset":25,"starttime":"02-06-20 (08:59:12)","QMean":{"global_scores":{"qmean4_norm_score":0.5976650075,"qmean4_z_score":-4.0742395783,"qmean6_norm_score":0.5767234198,"qmean6_z_score":-4.2691213863,"interaction_norm_score":-0.0087130487,"interaction_z_score":-2.8183457721,"cbeta_norm_score":0.0026725939,"cbeta_z_score":-3.2644597175,"packing_norm_score":-0.3199828682,"packing_z_score":-0.7368035464,"torsion_norm_score":0.0623467014,"torsion_z_score":-3.0943815113,"ss_agreement_norm_score":0.3349087143,"ss_agreement_z_score":-2.2522630201,"acc_agreement_norm_score":0.6524390244,"acc_agreement_z_score":-0.1163056766,"avg_local_score":0.5092257342,"avg_local_score_error":0.067},"local_scores":{"A":[null,null,null,null,null,0.3152585982,0.3399173179,0.5241857231,0.5022116839,0.519894647,0.5696981558,0.5484777788,0.5144292761,0.5664317473,0.5551470669,0.4686333553,0.5079743611,0.5258765076,0.3859830956,0.3428546869,0.3485825732,0.3547077477,0.4488244718,0.4076844011,0.467456575,0.3989722786,0.5164767002,0.4553061973,0.5089180986,0.5061421772,0.5555883785,0.6377806868,0.5331970945,0.5751491304,0.5758524968,0.5659217605,0.6083819781,0.5775032726,0.5496447608,0.3798606685,0.2910835001,0.4243353717,0.3158208901,0.4326210146,0.3505686658,0.385035705,0.5450795686,0.6038519918,0.6098553397,0.6038911764,0.5882704922,0.488646268,0.5938030571,0.6167669098,0.5874832578,0.5298542184,0.5813725701,0.5659022744,0.5745811124,0.6505584108,0.6129007764,0.5963324737,0.5986316464,0.5519923194,0.5545903277,0.6726213345,0.6700168709,0.6462643807,0.6847961432,0.6445434064,0.6917115408,0.6156195556,0.5876251708,0.6461143401,0.582088448,0.5192131926,0.5618115439,0.5145946939,0.3903151252,0.3448861449,0.2798299163,0.3835018092,0.3583340972,0.559979423,0.5240668288,0.626723637,0.6567958912,0.6578153109,0.6377598551,0.4922890213,0.3905715124,0.2942195936,0.3422136411,0.3589170164,0.326893476,0.3562136094,0.3172805587,0.3722913863,0.4136942694,0.4619807868,0.3997125897,0.4833380398,0.4222418374,0.4293904246,0.4681041735,0.4849807021,0.5118376638,0.5223991536,0.531335427,0.5642506546,0.533700579,0.5760191391,0.5879833064,0.5398413754,0.4889982535,0.5186795982,0.4831460112,0.4651796918,0.3706190695,0.4323223614,0.409146614,0.4004343052,0.3755053142,0.3776060001,0.418842827,0.378868339,0.4102192386,0.3829828088,0.3075038978,0.528035784,0.4367727573,0.4334449236,0.5646082211,0.5994323355,0.6144090556,0.6005751918,0.5411842256,0.6326523871,0.6382964796,0.6661938675,0.6001074015,0.6890130681,0.6251557359,0.6782021782,0.6466216737,0.640226471,0.6300922392,0.6115433195,0.5902123337,0.5035147499,0.4112032039,0.3232404456,0.4128547523,0.4961907957,0.5718148546,0.6568104497,0.6416701764,0.6470235908,0.5732642252,0.4298559913,0.3627828748,0.3894371396,0.3080455268,0.4457360689,0.6782351405,0.62633007,0.6252283218,0.6272304671,0.5442341963,null,null,null,null,null,null,null,null,null,null,null,null,null,null,null,null,null,null,null,null,null]}},"title":"Modelling","endtime":"02-06-20 (08:59:23)","mod_engine":["ProMod3"],"ProMod3":{"version":"3.0.0"},"ProMod":null,"MODELLER":null,"SPDBV":null}}