{"modelling":{"id":"7e77e1d5108c07d0c6fccb8152f60a70fed4f204","trg_seq":"LKEVRDAVLMVREHPEMKDKILEPPIMTVSAINAQFAAYLAQCVDYNTSKALTV-VDSDSYKLFANPILDKFKVNLRELSSADTTPPVPAETVRDLGFEGYLSDFITGDKRVMKMLCQTSKIHTIPVSRRELTPAQIKKLITPRPNGKILFKRIIHGNRLVDIKQSAYGSKQVFPTDVS","tpl_seq":"--------------EIAREEIFGPLISVLKADDEAHAAELANASDFG-LSAAVWSKDIDRAAQFALQI---------------------------------------------------------------------------------------------------------------","pdb_id":"3r64","chain":"A","method":"X-RAY DIFFRACTION","short_method":"X-ray","coverage":0.2921348214,"resolution":2.5699999332,"description":"NAD dependent benzaldehyde dehydrogenase","seq_sim":0.3217942119,"assembly_id":1,"score":0.4410296082,"pred_lddt":0.1410000026,"seq_id":28.8461532593,"found_by":"HHblits","oligo_state":"monomer","comment":"e_value=23, p_value=0.0019, score=28.9, ss_score=5.9, prob=37.1","offset":382,"starttime":"02-06-20 (07:39:28)","QMean":{"global_scores":{"qmean4_norm_score":0.5215098275,"qmean4_z_score":-2.8764097546,"qmean6_norm_score":0.4843720158,"qmean6_z_score":-2.9810178517,"interaction_norm_score":-0.0197604131,"interaction_z_score":-0.9604474806,"cbeta_norm_score":-0.0059519662,"cbeta_z_score":-1.3124415846,"packing_norm_score":0.0752543005,"packing_z_score":-3.0478583488,"torsion_norm_score":0.0825435533,"torsion_z_score":-1.6729347135,"ss_agreement_norm_score":0.121568546,"ss_agreement_z_score":-1.626287443,"acc_agreement_norm_score":0.4905660377,"acc_agreement_z_score":-2.362991711,"avg_local_score":0.4353619932,"avg_local_score_error":0.111},"local_scores":{"A":[null,null,null,null,null,null,null,null,null,null,null,null,null,null,0.3952100357,0.3758946692,0.3867486572,0.5273046337,0.5397013164,0.5753850107,0.3740038667,0.383570668,0.3339790948,0.3459253353,0.3372759676,0.320133424,0.324488744,0.3308887069,0.3392655016,0.3563457315,0.4463737882,0.3469093234,0.4370771998,0.5558676335,0.5019854422,0.4107304746,0.61032626,0.6455126272,0.4868143784,0.4820647091,0.5889658168,0.507640032,0.5424762116,0.4935557873,0.4713113766,0.3768301881,0.387923221,0.373534446,0.4051487203,0.4012294454,0.4128028328,0.3521265691,0.3835605771,0.3085312139,0.2932849342,0.3862733963,0.3907315118,0.4857355502,0.4301167536,0.4742073725,0.6215395001,0.5535336946,0.4644280625,0.4859739765,0.4575561667,0.4312112339,0.4241738484,null,null,null,null,null,null,null,null,null,null,null,null,null,null,null,null,null,null,null,null,null,null,null,null,null,null,null,null,null,null,null,null,null,null,null,null,null,null,null,null,null,null,null,null,null,null,null,null,null,null,null,null,null,null,null,null,null,null,null,null,null,null,null,null,null,null,null,null,null,null,null,null,null,null,null,null,null,null,null,null,null,null,null,null,null,null,null,null,null,null,null,null,null,null,null,null,null,null,null,null,null,null,null,null,null,null,null,null,null,null,null]}},"title":"Modelling","endtime":"02-06-20 (07:39:33)","mod_engine":["ProMod3"],"ProMod3":{"version":"3.0.0"},"ProMod":null,"MODELLER":null,"SPDBV":null}}