{"modelling":{"id":"52ec4a5ac02d50d3d754993469e39a46fe85c608","trg_seq":"LKEVRDAVLMVREHPEMKDKILEPPIMTVSAINAQFAAYLAQCVDYNTSKALTVVDSDSYKLFANPILDKFKVNLRELSSADTTPPVPAETVRDLGFEGYLSDFITGDKRVMKMLCQTSKIHTIPVSRRELTPAQIKKLITPRPNGKILFKRIIHGNRLVDIKQSAYGSKQVFPTDVS","tpl_seq":"--------------DIYKTEIFGPVLSVVRARNYEEALSLPMKHEYGNGVAIYTRDGDAARDFASRI---------------------------------------------------------------------------------------------------------------","pdb_id":"4e4g","chain":"A","method":"X-RAY DIFFRACTION","short_method":"X-ray","coverage":0.2977527976,"resolution":2.9000000954,"description":"Methylmalonate-semialdehyde dehydrogenase","seq_sim":0.3295603395,"assembly_id":1,"score":0.4540016651,"pred_lddt":0.1350000054,"seq_id":28.3018875122,"found_by":"HHblits","oligo_state":"monomer","comment":"e_value=27, p_value=0.0023, score=28.3, ss_score=5.6, prob=32.6","offset":400,"starttime":"02-06-20 (07:39:28)","QMean":{"global_scores":{"qmean4_norm_score":0.4176701915,"qmean4_z_score":-3.9917013978,"qmean6_norm_score":0.4141998923,"qmean6_z_score":-3.6640208214,"interaction_norm_score":-0.0222955572,"interaction_z_score":-0.8077619287,"cbeta_norm_score":-0.0077685983,"cbeta_z_score":-1.1628395276,"packing_norm_score":0.1504619161,"packing_z_score":-3.5512322456,"torsion_norm_score":0.35386853,"torsion_z_score":-2.8654280814,"ss_agreement_norm_score":0.2059616044,"ss_agreement_z_score":-1.3435888604,"acc_agreement_norm_score":0.5094339623,"acc_agreement_z_score":-2.1555829318,"avg_local_score":0.4381684148,"avg_local_score_error":0.111},"local_scores":{"A":[null,null,null,null,null,null,null,null,null,null,null,null,null,null,0.4123174049,0.4193533473,0.4199181156,0.5833082942,0.6024108843,0.6003653849,0.4411578782,0.4400432499,0.3498440044,0.338170357,0.3343887072,0.3322671326,0.3258548465,0.3253450593,0.3584417583,0.3521934335,0.4422221963,0.367079515,0.451123149,0.4673648766,0.4290523724,0.404971511,0.4729460551,0.5335765153,0.4468976455,0.4747809265,0.508565502,0.5086874941,0.502782801,0.4631047237,0.4142405767,0.4652874481,0.4693840951,0.4674663721,0.4205211107,0.416438442,0.4216953696,0.3662462004,0.3584913096,0.3251511868,0.2910020186,0.4288187907,0.4242242839,0.5621615095,0.4882546618,0.4469347328,0.5572276938,0.5220538682,0.4208880077,0.526672849,0.4135814263,0.4368718917,0.4707769974,null,null,null,null,null,null,null,null,null,null,null,null,null,null,null,null,null,null,null,null,null,null,null,null,null,null,null,null,null,null,null,null,null,null,null,null,null,null,null,null,null,null,null,null,null,null,null,null,null,null,null,null,null,null,null,null,null,null,null,null,null,null,null,null,null,null,null,null,null,null,null,null,null,null,null,null,null,null,null,null,null,null,null,null,null,null,null,null,null,null,null,null,null,null,null,null,null,null,null,null,null,null,null,null,null,null,null,null,null,null,null]}},"title":"Modelling","endtime":"02-06-20 (07:39:32)","mod_engine":["ProMod3"],"ProMod3":{"version":"3.0.0"},"ProMod":null,"MODELLER":null,"SPDBV":null}}