{"modelling":{"id":"b030bc7190859d2d42f0249cc3efd7d34a87b0e6","trg_seq":"LKEVRDAVLMVREHPEMKDKILEPPIMTVSAINAQFAAYLAQCVDYNTSKALTVVDSDSYKLFANPILDKFKVNLRELSSADTTPPVPAETVRDLGFEGYLSDFITGDKRVMKMLCQTSKIHTIPVSRRELTPAQIKKLITPRPNGKILFKRIIHGNRLVDIKQSAYGSKQVFPTDVS","tpl_seq":"--------------RIAKEEIFGPVQPILKFKSIEEVIKRANSTDYGLTAAVFTKNLDKALKLASAL---------------------------------------------------------------------------------------------------------------","pdb_id":"6s6w","chain":"B","method":"X-RAY DIFFRACTION","short_method":"X-ray","coverage":0.2977527976,"resolution":3.25,"description":"Aldehyde dehydrogenase family 1 member A3","seq_sim":0.2893018126,"assembly_id":1,"score":0.4311991036,"pred_lddt":0.1330000013,"seq_id":16.9811325073,"found_by":"HHblits","oligo_state":"homo-dimer","comment":"e_value=34, p_value=0.0029, score=27.4, ss_score=5.6, prob=29.3","offset":386,"starttime":"02-06-20 (07:39:32)","QMean":{"global_scores":{"qmean4_norm_score":0.4583264931,"qmean4_z_score":-3.5550315951,"qmean6_norm_score":0.457414162,"qmean6_z_score":-3.2434054391,"interaction_norm_score":-0.0264670902,"interaction_z_score":-0.5565206596,"cbeta_norm_score":-0.0014583006,"cbeta_z_score":-1.6825009008,"packing_norm_score":0.1209111811,"packing_z_score":-3.353445512,"torsion_norm_score":0.2209968178,"torsion_z_score":-2.2814470656,"ss_agreement_norm_score":0.1984495917,"ss_agreement_z_score":-1.3687524864,"acc_agreement_norm_score":0.5849056604,"acc_agreement_z_score":-1.3259478152,"avg_local_score":0.482523317,"avg_local_score_error":0.111},"local_scores":{"B":[null,null,null,null,null,null,null,null,null,null,null,null,null,null,0.3798821052,0.3833571318,0.457559948,0.5387129521,0.5813369406,0.536321529,0.451354047,0.4733639364,0.3607524453,0.379979395,0.3970987457,0.3535475107,0.3505048765,0.3851383216,0.4250959359,0.4069619605,0.6359932557,0.5504602197,0.5753697245,0.5295713131,0.4413171445,0.5244143373,0.5569591276,0.5138400449,0.5343605497,0.5201546256,0.5708261884,0.5876099397,0.5662776453,0.3650452802,0.2894661705,0.3530418317,0.58223434,0.3896125784,0.4146941234,0.4194728152,0.417397513,0.3936686525,0.4170851426,0.5680967851,0.3608761441,0.5647094251,0.4808574502,0.5680380023,0.5468358118,0.5560041034,0.552292833,0.6071056722,0.541043908,0.617503688,0.5835484277,0.5317257779,0.4852574282,null,null,null,null,null,null,null,null,null,null,null,null,null,null,null,null,null,null,null,null,null,null,null,null,null,null,null,null,null,null,null,null,null,null,null,null,null,null,null,null,null,null,null,null,null,null,null,null,null,null,null,null,null,null,null,null,null,null,null,null,null,null,null,null,null,null,null,null,null,null,null,null,null,null,null,null,null,null,null,null,null,null,null,null,null,null,null,null,null,null,null,null,null,null,null,null,null,null,null,null,null,null,null,null,null,null,null,null,null,null,null]}},"title":"Modelling","endtime":"02-06-20 (07:39:37)","mod_engine":["ProMod3"],"ProMod3":{"version":"3.0.0"},"ProMod":null,"MODELLER":null,"SPDBV":null}}