{"modelling":{"id":"8aac9ac679cd32f17ec09f09e1e474d7d176e15b","trg_seq":"LKEVRDAVLMVREHPEMKDKILEPPIMTVSAINAQFAAYLAQCVDYNTSKALTVVDSDSYKLFANPILDKFKVN--LRELSSA------DTTPPVPAETVRDLGFEGYLSDFITGDKRVMKMLCQTSKIHTIPVSRRELTPAQIKKLITPR-PNGKILFKRIIHGNRLVDIKQSAYGSKQVFPTDVS","tpl_seq":"-----------------------PIYMNLKCKEKGFAALIEGFFRTDTFRTFIMSNYNDYLKLMDLITSKTKYTPTIREFSSERKKKIEDFEPPCSREKLQSFGFDGYVIDFLEGPEVVLVALCHMLKIHQIPIAKRELPPASVNALNNFRLANGDPVLKTYLAGSSIHLVFRSAYGDREI------","pdb_id":"5mg8","chain":"A","method":"X-RAY DIFFRACTION","short_method":"X-ray","coverage":0.8370786309,"resolution":2.75,"description":"Structural maintenance of chromosomes protein 5","seq_sim":0.362863183,"assembly_id":1,"score":1.331928134,"pred_lddt":0.5839999914,"seq_id":32.2147636414,"found_by":"BLAST","oligo_state":"monomer","comment":"e_value=5.82245e-16, bit_score=75.485, score=184","offset":114,"starttime":"02-06-20 (07:39:28)","QMean":{"global_scores":{"qmean4_norm_score":0.6733653203,"qmean4_z_score":-2.1890114257,"qmean6_norm_score":0.6392940466,"qmean6_z_score":-2.7938964071,"interaction_norm_score":-0.0172104318,"interaction_z_score":-1.342785395,"cbeta_norm_score":-0.0026176226,"cbeta_z_score":-2.058260188,"packing_norm_score":-0.3151325146,"packing_z_score":-0.8360116466,"torsion_norm_score":-0.1270013698,"torsion_z_score":-1.4712401782,"ss_agreement_norm_score":0.3747691275,"ss_agreement_z_score":-2.1017652762,"acc_agreement_norm_score":0.5973154362,"acc_agreement_z_score":-0.5603000678,"avg_local_score":0.6425333007,"avg_local_score_error":0.067},"local_scores":{"A":[null,null,null,null,null,null,null,null,null,null,null,null,null,null,null,null,null,null,null,null,null,null,null,0.6264616884,0.661255923,0.614686453,0.6158411988,0.70605161,0.7293026536,0.7123917817,0.7355018516,0.6938500852,0.6699632563,0.7151897047,0.6638212178,0.7108749439,0.7169878342,0.7272960092,0.7157179104,0.7337625712,0.7120526772,0.6645497605,0.7516780725,0.6902961691,0.619069711,0.5993658645,0.595076052,0.6023477651,0.629691192,0.6183406247,0.7040531773,0.6679815827,0.7028770902,0.668312083,0.6422112373,0.6279344148,0.6571990696,0.676422531,0.6723835325,0.6088876819,0.5934419675,0.5999507469,0.6031260937,0.6457784656,0.5341470486,0.5054919626,0.5222204068,0.2954661065,0.3822845419,0.3693256395,0.3446472751,0.3354702197,0.6002645608,0.5793802776,0.6210004431,0.609879753,0.60397045,0.5539378259,0.3730342466,0.3314600856,0.3874859113,0.4619587074,0.6351126499,0.6536884254,0.6983574433,0.6728943993,0.6862464181,0.7186903894,0.7518741094,0.6848157216,0.6770523686,0.7322689461,0.6630985361,0.7108041529,0.7261470975,0.7733618881,0.7395305149,0.7371701156,0.7867953048,0.7572170337,0.7659950945,0.7362064551,0.7580877659,0.6960635478,0.707269418,0.7113303082,0.7298434322,0.7099019149,0.6886002439,0.642026502,0.730078341,0.7030064493,0.6976235464,0.6854433653,0.7295821759,0.7595029569,0.6790010519,0.7003365889,0.687215635,0.6834230803,0.7282001201,0.6953799525,0.7322115007,0.7689660394,0.8043954433,0.790974162,0.7768060027,0.7189705819,0.7206301834,0.7495612541,0.7878404165,0.8154960653,0.8162554355,0.8102041696,0.7578516321,0.7346840288,0.6974726525,0.6780421669,0.6465533298,0.5954464132,0.5925628914,0.5694278457,0.5245940784,0.3761209563,0.382139656,0.3490006577,0.3106706931,0.3292815083,0.488960421,0.6014337483,0.6202608667,0.6641975957,0.7137427016,0.7198551084,0.7082515422,0.7503747453,0.7162270427,0.686356544,0.7202909243,0.7216332277,0.6749583022,0.5983243463,0.5584791672,0.55162109,0.5377167374,0.5952161921,0.551437622,0.6185768766,0.5888529123,0.5581617076,0.3715814011,0.4421380429,null,null,null,null,null,null]}},"title":"Modelling","endtime":"02-06-20 (07:39:35)","mod_engine":["ProMod3"],"ProMod3":{"version":"3.0.0"},"ProMod":null,"MODELLER":null,"SPDBV":null}}