{"modelling":{"id":"609ef54b25e7314ce880d26eac7ab9ca8dfab74f","trg_seq":"DTFLMNFDRNMDRLLRTIEQRKNEFETPAIGPLGSLVTIRKGFEKWTRSIQRAISSSLNAFVVSNPKDNRLFRDIMRSCGIRSNIPIVTYCL-S--QFDYSKGRAHGNYPTIVDALEFSKPEIECLFVDLSRIERIVLIEDKNEARNFLQRNPVNVNMALSLRDRRSGFQLSGGYRLDTVTYQDKIRLKVNSS","tpl_seq":"---------RKAEIMESIK-R--LYPGSVYGRLIDLCQPTQ--KKYQIAVTKVLGKNMDAIIVDSEKTGRDCIQYIKEQRGE-PETFLPLDYLEVKPTDEKLREL-KGAKLVIDVIRYEPPHIKKAL--QYACGNALVCDNVEDARRIAFGGH-QRHKTVALD----GTLFQ---------------------","pdb_id":"6wg4","chain":"A","method":"X-RAY DIFFRACTION","short_method":"X-ray","coverage":0.7684210539,"resolution":2.3099999428,"description":"Structural maintenance of chromosomes protein","seq_sim":0.2821955085,"assembly_id":1,"score":1.1027343273,"pred_lddt":0.4059999883,"seq_id":12.3287668228,"found_by":"HHblits","oligo_state":"monomer","comment":"e_value=3.3e-13, p_value=2.9e-17, score=104.4, ss_score=11.1, prob=99.4","offset":2,"starttime":"02-06-20 (08:59:15)","QMean":{"global_scores":{"qmean4_norm_score":0.6385544273,"qmean4_z_score":-2.985092515,"qmean6_norm_score":0.6151374943,"qmean6_z_score":-3.3645746049,"interaction_norm_score":-0.0140108307,"interaction_z_score":-1.9281810025,"cbeta_norm_score":-0.0067534752,"cbeta_z_score":-1.3474502017,"packing_norm_score":-0.3430938987,"packing_z_score":-0.4149808248,"torsion_norm_score":0.0159575464,"torsion_z_score":-2.583656198,"ss_agreement_norm_score":0.3828243161,"ss_agreement_z_score":-1.9505935799,"acc_agreement_norm_score":0.625,"acc_agreement_z_score":-0.3513508423,"avg_local_score":0.545980142,"avg_local_score_error":0.066},"local_scores":{"A":[null,null,null,null,null,null,null,null,null,0.3981035769,0.5731004157,0.6260138034,0.518529937,0.6367229635,0.6426132534,0.578428385,0.5737064506,0.6301185658,0.5140247133,0.4245133214,0.4656967425,0.4178100684,0.4682816147,0.4048943748,0.4250905384,0.3550775968,0.4436015921,0.5339866109,0.6452412924,0.6093255408,0.6109160944,0.6590421016,0.6177056883,0.6663337451,0.6636659392,0.6439101046,0.6841668766,0.6505458636,0.6298359743,0.5133656609,0.3709216135,0.4755358862,0.404317329,0.5674787857,0.544987095,0.5769438672,0.6459716029,0.5510221201,0.5525663756,0.6338172766,0.6184908251,0.5210409981,0.5784621618,0.6195970506,0.6450267409,0.6138079983,0.6278704517,0.6163046623,0.6241309265,0.6747887715,0.6322754629,0.6905879672,0.6639200825,0.5883244163,0.5825126878,0.6697595348,0.6499237449,0.6559838139,0.6737143565,0.6372792143,0.717671936,0.7041252354,0.6638561653,0.7142652383,0.6792172452,0.6388343019,0.6142687246,0.5684511971,0.4753289424,0.5179631727,0.5220744828,0.4173067765,0.4880957612,0.470929361,0.6387496511,0.6731241139,0.6990736108,0.7051843372,0.6545026409,0.5233259167,0.4074788312,0.3502938287,0.3426097891,0.3719370486,0.3339083744,0.3824437795,0.3112651913,0.3812358405,0.3907865139,0.4192483526,0.3260756166,0.4501947418,0.3959727912,0.4628393103,0.465223864,0.5047909451,0.5809009791,0.5744080991,0.6069649364,0.5983019581,0.5923871666,0.6570274953,0.6596831851,0.6374640973,0.6195225377,0.6378898941,0.5735557363,0.6139622621,0.4890336221,0.5715855521,0.5546286906,0.6187928916,0.5664653535,0.4890312979,0.4742351361,0.4019256826,0.3342920315,0.4122215131,0.428119397,0.5124439578,0.3783203098,0.4840197996,0.5591556544,0.6128896631,0.6292384685,0.593586654,0.5392771578,0.612963825,0.6271337302,0.6001650804,0.5348975141,0.6560811394,0.5609589797,0.5335669119,0.4888343422,0.5724118324,0.523815846,0.4754180205,0.4648023823,0.3669536385,0.3206038244,0.3292412754,0.3522260095,0.4328227828,0.5312976555,0.6707758668,0.6479601286,0.6456980217,0.5584887035,0.4346446167,0.43884309,0.4233414896,0.3740709687,0.5220707556,0.663611232,0.6038363248,0.6165720963,0.6522192388,0.6047773555,null,null,null,null,null,null,null,null,null,null,null,null,null,null,null,null,null,null,null,null,null]}},"title":"Modelling","endtime":"02-06-20 (08:59:24)","mod_engine":["ProMod3"],"ProMod3":{"version":"3.0.0"},"ProMod":null,"MODELLER":null,"SPDBV":null}}