{"modelling":{"id":"9c63503815e6c2e05c294cc1db02a1ffbf2f271d","trg_seq":"DTFLMNFDRNMDRLLRTIEQRKNEFETPAIGPLGSLVTIRKGFEKWTRSIQRAISSSLN--AFVVSNPKDNRLFRD-IMRSCGIRSNIPIVTYCLSQFDYSKGRAHGNYPTIVDALEFSKPEIECLFVDLSRIERIVLIEDKNEARNFLQRNPVNVNMALSLRDRRSGFQLSGGYRLDTVTYQDKIRLKVNSS","tpl_seq":"-------------------------------------------SSYAKLIAQTISHVLNGGSLLVSADSSRHWFLNYILSNLN--------------------------------------------------------------------------------------------------------------","pdb_id":"2uvp","chain":"B","method":"X-RAY DIFFRACTION","short_method":"X-ray","coverage":0.1947368383,"resolution":1.7000000477,"description":"HOBA","seq_sim":0.3297269642,"assembly_id":1,"score":0.296990335,"pred_lddt":0.0780000016,"seq_id":24.3243236542,"found_by":"HHblits","oligo_state":"homo-dimer","comment":"e_value=39, p_value=0.0027, score=25.5, ss_score=3.3, prob=20.1","offset":36,"starttime":"02-06-20 (08:59:12)","QMean":{"global_scores":{"qmean4_norm_score":0.6586068995,"qmean4_z_score":-0.8698623916,"qmean6_norm_score":0.6044537944,"qmean6_z_score":-1.1027986081,"interaction_norm_score":-0.0323948452,"interaction_z_score":-0.2181293037,"cbeta_norm_score":-0.0270933249,"cbeta_z_score":0.172944144,"packing_norm_score":0.0033086802,"packing_z_score":-1.7799027854,"torsion_norm_score":-0.1422216854,"torsion_z_score":-0.295782347,"ss_agreement_norm_score":0.3889993908,"ss_agreement_z_score":-0.2873697103,"acc_agreement_norm_score":0.2972972973,"acc_agreement_z_score":-3.4221456366,"avg_local_score":0.3901066597,"avg_local_score_error":0.115},"local_scores":{"B":[null,null,null,null,null,null,null,null,null,null,null,null,null,null,null,null,null,null,null,null,null,null,null,null,null,null,null,null,null,null,null,null,null,null,null,null,null,null,null,null,null,null,null,0.5912679477,0.6432137663,0.3596275606,0.5004007902,0.4486802092,0.5204950417,0.4492878915,0.505012867,0.4147382076,0.4477596066,0.341372147,0.4199153289,0.3791435084,0.3324785038,0.332430669,0.3333435691,0.2991612526,0.2568452037,0.2859851365,0.3872268175,0.3372649149,0.4032652036,0.4287234821,0.3713287004,0.3059153177,0.386670628,0.3895460219,0.4057113503,0.3792992279,0.3969611566,0.4254839139,0.3883404709,0.3417421887,0.2900568139,0.351168164,0.2538562617,0.3302265694,null,null,null,null,null,null,null,null,null,null,null,null,null,null,null,null,null,null,null,null,null,null,null,null,null,null,null,null,null,null,null,null,null,null,null,null,null,null,null,null,null,null,null,null,null,null,null,null,null,null,null,null,null,null,null,null,null,null,null,null,null,null,null,null,null,null,null,null,null,null,null,null,null,null,null,null,null,null,null,null,null,null,null,null,null,null,null,null,null,null,null,null,null,null,null,null,null,null,null,null,null,null,null,null,null,null,null,null,null,null]}},"title":"Modelling","endtime":"02-06-20 (08:59:17)","mod_engine":["ProMod3"],"ProMod3":{"version":"3.0.0"},"ProMod":null,"MODELLER":null,"SPDBV":null}}