{"modelling":{"id":"950387071c53b3fc21315af26bdba2c2ab16d7e6","trg_seq":"LKEVRDAVLMVREHPEMKDKILEPPIMTVSAINAQFAAYLAQCVDYNTSKALTVVDSDSYKLFANPILDKF-KVNLRELSS---ADTTPPVPAETVRDLGF-----------EGYLSDFITG-DKRVMKMLCQTSKIHTIPVSRRELTPAQIKKLITPRPNGKILFKRIIHGNRLVDIKQSAYGSKQVFPTDVS","tpl_seq":"-----------------RGPVIGPMVIAAVVVDENSLPKLEE-LKVRDSKKLT---PKRREKLFNEILGVLDDYVILELPPDVIGSR--EGTLNEFEVENFAKALNSLKVKPDVIYADAADVDEERFARELGERL-----------------------------------------------------------","pdb_id":"2dfe","chain":"A","method":"X-RAY DIFFRACTION","short_method":"X-ray","coverage":0.5393258333,"resolution":2.4000000954,"description":"Ribonuclease HII","seq_sim":0.2805584669,"assembly_id":1,"score":0.7723476291,"pred_lddt":0.2479999959,"seq_id":15.625,"found_by":"HHblits","oligo_state":"monomer","comment":"e_value=14, p_value=0.0011, score=27.1, ss_score=5.9, prob=50.7","offset":10,"starttime":"02-06-20 (07:39:34)","QMean":{"global_scores":{"qmean4_norm_score":0.4892589697,"qmean4_z_score":-5.9117469945,"qmean6_norm_score":0.4517408255,"qmean6_z_score":-5.9883982985,"interaction_norm_score":-0.0092091839,"interaction_z_score":-2.0422505316,"cbeta_norm_score":0.0025243793,"cbeta_z_score":-2.5171973356,"packing_norm_score":-0.2025285122,"packing_z_score":-1.8218617649,"torsion_norm_score":0.3069278502,"torsion_z_score":-4.7521437755,"ss_agreement_norm_score":0.2260436054,"ss_agreement_z_score":-2.2916276027,"acc_agreement_norm_score":0.5098039216,"acc_agreement_z_score":-1.8442991483,"avg_local_score":0.3962343353,"avg_local_score_error":0.08},"local_scores":{"A":[null,null,null,null,null,null,null,null,null,null,null,null,null,null,null,null,null,0.4041641777,0.3083558745,0.2244050816,0.229418359,0.1903641856,0.2084776523,0.3562971568,0.4170455101,0.4614969754,0.4985234142,0.5290680718,0.5245403251,0.5253588022,0.4396602804,0.4875201553,0.4194852362,0.3692260772,0.3192771149,0.357921632,0.4374155406,0.3808092832,0.3926491658,0.3549729618,0.3305401118,0.3591830986,0.3333306012,0.3967833778,0.4032751659,0.4228016179,0.364175318,0.3550659706,0.3121309416,0.2242484355,0.1877792787,0.1731106335,0.2000723198,0.1685376044,0.1850875057,0.2737333361,0.3919461705,0.4502389729,0.47073283,0.4134688711,0.489475727,0.5128086549,0.3912935692,0.5576253317,0.511874138,0.4555843973,0.4497953346,0.552969153,0.5104009457,0.3893143378,0.3678364326,0.4575771025,0.5109686547,0.3980681621,0.4139153974,0.390092886,0.4159602165,0.4405606964,0.3439270192,0.3455547846,0.4163794643,0.3098026671,0.373650257,0.2968229627,0.3059867402,0.41241064,0.4051733693,0.3907043568,0.439496547,0.414964169,0.4594471402,0.4778166912,0.4581612976,0.5185115579,0.5038067602,0.5342555224,0.4224060726,0.2945386347,0.314929316,0.2950565313,0.3409638856,0.4129245291,0.4390475216,0.3739563885,0.4540126492,0.4368967967,0.4216571358,0.4427423352,0.4511548225,0.4404636598,0.4785841309,0.4397708528,0.4694975173,0.4597425279,0.4520526721,0.4517960695,0.4452739497,0.4204933977,0.3822525242,null,null,null,null,null,null,null,null,null,null,null,null,null,null,null,null,null,null,null,null,null,null,null,null,null,null,null,null,null,null,null,null,null,null,null,null,null,null,null,null,null,null,null,null,null,null,null,null,null,null,null,null,null,null,null,null,null,null,null]}},"title":"Modelling","endtime":"02-06-20 (07:39:42)","mod_engine":["ProMod3"],"ProMod3":{"version":"3.0.0"},"ProMod":null,"MODELLER":null,"SPDBV":null}}